Workbook

Sheet Лист1
A1: Максимальный показатель | B1: Сумма
A2: 0 | B2: =2^(N2+1)-1 -> 1
A3: 1 | B3: 3
A4: 2 | B4: 7
A5: 3 | B5: 15
A6: 4 | B6: 31
A7: 5 | B7: 63
A8: 6 | B8: 127
A9: 7 | B9: 255
A10: 8 | B10: 511
A11: 9 | B11: 1023
A12: 10 | B12: 2047
A13: 11 | B13: 4095
A14: 12 | B14: 8191
... A25: 23 | B25: 16777215

Sheet Лист2
A1: Максимальный показатель | B1: Сумма
A2: 0 | B2: =(3^(A2+1)-1)/2 -> 1
A3: 1 | B3: =(3^(A3+1)-1)/2 -> 4
A4: 2 | B4: =(3^(A4+1)-1)/2 -> 13
A5: 3 | B5: =(3^(A5+1)-1)/2 -> 40
A6: 4 | B6: =(3^(A6+1)-1)/2 -> 121
A7: 5 | B7: =(3^(A7+1)-1)/2 -> 364
A8: 6 | B8: =(3^(A8+1)-1)/2 -> 1093
A9: 7 | B9: =(3^(A9+1)-1)/2 -> 3280
A10: 8 | B10: =(3^(A10+1)-1)/2 -> 9841
A11: 9 | B11: =(3^(A11+1)-1)/2 -> 29524
A12: 10 | B12: =(3^(A12+1)-1)/2 -> 88573
A13: 11 | B13: =(3^(A13+1)-1)/2 -> 265720
... A25: 23 | B25: =(3^(A25+1)-1)/2 -> 141214768240

Sheet Лист3
A1: Максимальный показатель | B1: Сумма для 2 | C1: Сумма для 3
A2: 0 | B2: =VLOOKUP(A2, 'Лист1'!$A$1:$C$25, 2, 0) -> 1 | C2: 1
A3: 1 | B3: =VLOOKUP(A3, 'Лист1'!$A$1:$C$25, 2, 0) -> 3 | C3: 4
A4: 2 | B4: =VLOOKUP(A4, 'Лист1'!$A$1:$C$25, 2, 0) -> 7 | C4: 13
A5: 3 | B5: =VLOOKUP(A5, 'Лист1'!$A$1:$C$25, 2, 0) -> 15 | C5: 40
A6: 4 | B6: =VLOOKUP(A6, 'Лист1'!$A$1:$C$25, 2, 0) -> 31 | C6: 121
A7: 5 | B7: =VLOOKUP(A7, 'Лист1'!$A$1:$C$25, 2, 0) -> 63 | C7: 364
A8: 6 | B8: =VLOOKUP(A8, 'Лист1'!$A$1:$C$25, 2, 0) -> 127 | C8: 1093
A9: 7 | B9: =VLOOKUP(A9, 'Лист1'!$A$1:$C$25, 2, 0) -> 255 | C9: 3280
A10: 8 | B10: =VLOOKUP(A10, 'Лист1'!$A$1:$C$25, 2, 0) -> 511 | C10: 9841
A11: 9 | B11: =VLOOKUP(A11, 'Лист1'!$A$1:$C$25, 2, 0) -> 1023 | C11: 29524
A12: 10 | B12: =VLOOKUP(A12, 'Лист1'!$A$1:$C$25, 2, 0) -> 2047 | C12: 88573
A13: 11 | B13: =VLOOKUP(A13, 'Лист1'!$A$1:$C$25, 2, 0) -> 4095 | C13: 265720
... A25: 23 | B25: =VLOOKUP(A25, 'Лист1'!$A$1:$C$25, 2, 0) -> 16777215 | C25: 141214768240

Sheet Лист4
A1: статистическая функция | B1: 11.5 | C1: 1398100.2 | D1: 8.825923e+09
A2: среднее значение | B2: 1398100.2 | C2: 1398100.2 | D2: 1398100.2
A3: минимальное | B3: 1 | C3: 1 | D3: 1
A4: мелиана | B4: 6143 | C4: 6143 | D4: 6143
A5: мода | B5: #N/A | C5: #N/A | D5: #N/A
A6: дисперсия | B6: ~55,92

Sheet Лист5
A1: Колледж | B1: 2024 | C1: 2025 | D1: 2026
A2: Колледж №1 | B2: 1200000 | C2: 1350000 | D2: 1500000
A3: Колледж №2 | B3: 980000 | C3: 1100000 | D3: 1250000
A4: Колледж №3 | B4: 750000 | C4: 820000 | D4: 900000
A5: Колледж №4 | B5: 1100000 | C5: 1200000 | D5: 1300000
A6: СУММА | B6: =SUM(B$1:B$5) -> 4032024 | C6: =SUM(C$1:C$5) -> 4472025 | D6: =SUM(D$1:D$5) -> 4952026
